iD,minor,geo-location,contact_email,vendors,sell_personal,share_personal,Cookies,fog_index,avg_sentence_length,flesch_reading_ease,dale_chall_readability_score,Score
20481,1,0,0,1,0,0,0,75.24565853658537,183.11414634146342,-4.42,9.08,3.0
20484,0,0,1,0,0,1,1,58.618556701030926,141.5463917525773,37.79,7.02,3.0
854,0,0,0,0,0,0,0,55.26486486486487,133.16216216216216,46.3,6.6,2.0
20490,1,0,1,0,0,0,1,70.40519480519481,171.01298701298703,7.88,8.48,3.0
20493,0,0,0,0,0,0,0,81.17224199288256,197.9306049822064,-10.99,9.82,2.0
173,0,0,1,0,0,0,1,47.731506849315075,114.32876712328768,65.41,5.67,3.0
11096,0,0,1,0,0,0,0,49.72716763005781,119.3179190751445,60.35,5.92,2.0
20500,0,0,0,0,0,0,1,92.80423280423281,227.010582010582,-48.97,11.26,2.0
516,0,1,0,0,0,0,1,66.03715846994537,160.0928961748634,18.96,7.94,2.0
20506,0,0,0,0,0,0,0,42.90352941176471,102.25882352941177,77.66,5.07,2.0
27,0,0,0,0,0,0,1,36.65365853658537,86.63414634146342,93.52,4.3,1.0
31,0,0,0,0,0,0,1,45.43083700440529,108.57709251101322,71.25,5.39,3.0
1060,0,0,1,0,0,0,1,49.330798479087456,118.32699619771863,61.35,5.87,3.0
38,0,0,1,1,0,0,1,73.76363636363637,179.4090909090909,-0.66,8.9,3.0
177,0,0,1,0,0,0,1,50.86371681415929,122.15929203539822,57.46,6.06,3.0
43,0,0,0,0,0,0,1,45.43083700440529,108.57709251101322,71.25,5.39,3.0
1069,0,0,1,0,0,0,1,49.330798479087456,118.32699619771863,61.35,5.87,3.0
22574,0,0,0,1,0,0,0,53.922869955156955,129.8071748878924,49.7,6.44,3.0
1071,0,0,1,0,0,0,0,59.647311827957,144.11827956989248,35.17,7.15,2.0
49,0,0,1,0,0,1,1,52.56764705882354,126.41911764705883,53.14,6.27,3.0
1074,0,0,1,0,0,0,0,42.078048780487805,100.1951219512195,79.76,4.97,2.0
51,0,0,0,0,0,0,1,36.65365853658537,86.63414634146342,93.52,4.3,1.0
52,0,0,0,0,0,0,1,48.810126582278485,117.0253164556962,62.67,5.8,2.0
54,0,0,0,0,0,0,1,36.65365853658537,86.63414634146342,93.52,4.3,1.0
55,1,0,1,1,0,0,1,64.00444444444445,155.01111111111112,24.12,7.69,5.0
1080,0,0,1,0,0,0,0,59.647311827957,144.11827956989248,35.17,7.15,2.0
57,0,0,0,0,0,0,1,36.65365853658537,86.63414634146342,93.52,4.3,1.0
22586,0,0,1,0,0,0,1,44.43333333333334,106.08333333333333,73.78,5.26,2.0
1083,0,0,1,0,0,0,0,42.078048780487805,100.1951219512195,79.76,4.97,2.0
2108,0,0,1,1,0,0,0,44.2031746031746,105.5079365079365,74.36,5.23,2.0
61,0,0,1,0,0,1,1,52.56764705882354,126.41911764705883,53.14,6.27,3.0
21566,0,0,1,0,0,0,1,35.92,84.8,95.38,4.21,2.0
63,0,0,0,0,0,0,1,45.43083700440529,108.57709251101322,71.25,5.39,3.0
64,0,0,0,0,0,0,1,48.810126582278485,117.0253164556962,62.67,5.8,2.0
22593,0,0,0,0,0,0,0,47.049101796407186,112.62275449101796,67.14,5.59,1.0
2115,0,0,1,0,0,0,1,39.82142857142858,94.55357142857143,85.48,4.69,2.0
21572,0,0,1,0,0,0,0,72.8888888888889,177.22222222222223,1.57,8.79,2.0
70,0,0,1,1,0,0,1,73.76363636363637,179.4090909090909,-0.66,8.9,3.0
21575,0,0,1,0,0,1,0,43.67,104.175,75.72,5.17,4.0
2014,0,0,0,0,0,0,0,80.90909090909092,197.27272727272728,-18.79,9.78,2.0
10313,0,0,1,0,0,0,0,52.69787234042553,126.74468085106383,52.81,6.29,2.0
10316,0,0,0,0,0,0,0,59.6421052631579,144.10526315789474,35.19,7.15,1.0
78,1,0,1,0,0,0,1,51.836190476190474,124.5904761904762,55.0,6.18,3.0
22607,0,0,0,0,0,0,0,54.2074074074074,130.5185185185185,48.98,6.47,1.0
21585,0,0,1,1,0,0,1,51.85046728971963,124.62616822429906,54.96,6.18,3.0
22610,0,0,1,0,0,0,1,66.16183206106871,160.40458015267177,18.64,7.96,3.0
84,0,0,0,0,0,0,1,48.810126582278485,117.0253164556962,62.67,5.8,2.0
21589,0,0,1,0,0,0,0,52.620289855072464,126.55072463768116,53.01,6.28,2.0
87,1,0,1,1,0,0,1,64.00444444444445,155.01111111111112,24.12,7.69,5.0
2136,1,0,0,0,0,0,0,65.89480122324159,159.73700305810397,19.32,7.92,2.0
10330,0,0,1,0,0,0,0,50.11428571428572,120.28571428571429,59.37,5.97,2.0
10333,0,0,1,0,0,0,0,51.48411214953271,123.71028037383178,55.89,6.14,2.0
10339,0,0,1,0,0,1,0,44.81428571428572,107.03571428571429,72.81,5.31,2.0
10340,0,0,1,0,0,0,0,52.69787234042553,126.74468085106383,52.81,6.29,2.0
22374,0,0,1,0,0,0,0,42.26162162162163,100.65405405405406,79.29,4.99,2.0
10342,0,0,1,0,0,1,1,47.41587301587302,113.53968253968254,66.21,5.63,2.0
10343,0,0,0,0,0,0,0,59.6421052631579,144.10526315789474,35.19,7.15,1.0
188,0,0,1,1,0,0,1,64.40958083832336,156.0239520958084,23.09,7.74,3.0
20587,0,0,0,0,0,0,0,44.70218340611354,106.75545851528385,73.1,5.3,1.0
20590,0,0,1,1,0,0,0,65.61963190184049,159.04907975460122,20.02,7.89,4.0
10357,0,0,1,0,0,0,0,50.11428571428572,120.28571428571429,59.37,5.97,2.0
10360,0,0,1,0,0,0,0,51.48411214953271,123.71028037383178,55.89,6.14,2.0
532,0,0,1,0,0,0,1,55.264367816091955,133.16091954022988,46.3,6.6,4.0
1898,0,0,0,1,0,0,0,62.30943396226416,150.77358490566039,28.42,7.48,2.0
10366,0,0,1,0,0,1,0,44.81428571428572,107.03571428571429,72.81,5.31,2.0
10369,0,0,1,0,0,1,1,47.41587301587302,113.53968253968254,66.21,5.63,2.0
20611,0,0,0,0,0,0,0,77.33333333333334,188.33333333333334,-9.71,9.34,1.0
11086,0,0,1,0,0,0,0,62.788405797101454,151.97101449275362,27.2,7.54,2.0
134,0,0,1,1,0,0,1,57.33392070484582,138.33480176211455,41.05,6.86,3.0
193,0,0,1,0,0,0,1,47.731506849315075,114.32876712328768,65.41,5.67,3.0
1160,0,0,1,0,0,1,1,57.55259259259259,138.88148148148147,40.49,6.89,2.0
137,0,0,1,0,0,0,1,47.731506849315075,114.32876712328768,65.41,5.67,3.0
141,0,0,1,0,0,0,1,50.86371681415929,122.15929203539822,57.46,6.06,3.0
1166,0,0,1,0,0,0,1,69.1304347826087,167.82608695652175,11.11,8.32,2.0
1901,0,0,1,0,0,0,0,81.13698630136986,197.84246575342465,-19.37,9.81,2.0
1169,0,0,1,0,0,0,1,46.410322580645165,111.02580645161291,68.76,5.51,3.0
1176,0,0,1,0,0,0,1,44.74883720930233,106.87209302325581,72.98,5.3,2.0
39,0,0,0,0,0,0,1,36.65365853658537,86.63414634146342,93.52,4.3,1.0
157,0,0,1,1,0,0,1,57.33392070484582,138.33480176211455,41.05,6.86,3.0
1182,0,0,1,0,0,0,1,69.95068493150686,169.87671232876713,9.03,8.43,3.0
160,0,0,1,0,0,0,1,47.731506849315075,114.32876712328768,65.41,5.67,3.0
22384,0,0,1,0,0,0,0,41.84324324324325,99.60810810810811,80.35,4.94,2.0
22690,0,0,0,1,0,0,1,62.895867768595046,152.2396694214876,26.93,7.55,3.0
164,0,0,1,0,0,0,1,50.86371681415929,122.15929203539822,57.46,6.06,3.0
22694,0,0,1,0,0,0,1,49.83137254901961,119.57843137254902,60.08,5.93,3.0
170,0,0,1,1,0,0,1,57.33392070484582,138.33480176211455,41.05,6.86,3.0
21675,0,0,1,0,0,0,1,55.9459807073955,134.86495176848874,44.57,6.69,4.0
10412,0,0,1,0,0,0,0,49.16136363636364,117.9034090909091,61.78,5.85,2.0
2221,0,0,1,0,0,0,1,59.400000000000006,143.5,35.8,7.12,2.0
10415,0,0,0,0,0,0,0,54.56363636363636,131.4090909090909,48.07,6.52,1.0
2225,0,0,0,0,0,0,0,43.07037037037037,102.67592592592592,77.24,5.09,2.0
10419,0,0,1,0,0,0,0,70.47213114754099,171.18032786885246,7.71,8.49,2.0
22708,0,0,1,0,0,0,1,58.570786516853936,141.42696629213484,37.91,7.01,2.0
181,0,0,1,0,0,1,1,47.41587301587302,113.53968253968254,66.21,5.63,2.0
10422,0,0,1,0,0,1,0,58.95686274509805,142.3921568627451,36.93,7.06,3.0
22714,0,0,1,1,0,0,0,42.144444444444446,100.36111111111111,79.59,4.98,2.0
2235,1,0,1,0,0,0,1,45.464317180616746,108.66079295154185,71.16,5.39,3.0
10428,0,0,0,1,0,0,0,59.289887640449436,143.22471910112358,36.08,7.1,2.0
190,0,0,1,1,0,0,1,57.33392070484582,138.33480176211455,41.05,6.86,3.0
2241,0,0,1,0,0,0,1,55.9459807073955,134.86495176848874,44.57,6.69,4.0
22724,0,0,0,1,0,0,1,58.42926829268293,141.0731707317073,38.27,7.0,3.0
197,0,0,1,0,0,0,1,50.86371681415929,122.15929203539822,57.46,6.06,3.0
21703,0,0,0,0,0,0,0,32.706382978723404,76.76595744680851,103.54,3.81,2.0
201,0,0,1,0,0,1,1,47.41587301587302,113.53968253968254,66.21,5.63,2.0
208,0,0,1,1,0,0,1,64.40958083832336,156.0239520958084,23.09,7.74,3.0
2803,0,0,0,0,0,0,1,48.59606126914662,116.49015317286653,63.22,5.78,2.0
20703,0,0,0,0,0,0,1,52.2109090909091,125.52727272727273,54.04,6.23,2.0
20706,0,0,0,0,0,0,0,42.29333333333334,100.73333333333333,79.21,5.0,2.0
22819,0,0,0,0,0,0,1,50.57,121.425,58.21,6.02,1.0
1258,0,0,0,0,0,0,1,51.52307692307693,123.8076923076923,55.79,6.14,2.0
20715,0,0,1,0,0,0,1,46.410322580645165,111.02580645161291,68.76,5.51,3.0
10477,0,0,1,0,0,0,0,49.16136363636364,117.9034090909091,61.78,5.85,2.0
20718,0,0,0,0,0,0,0,60.031372549019615,145.07843137254903,34.2,7.2,2.0
10480,0,0,0,0,0,0,0,54.56363636363636,131.4090909090909,48.07,6.52,1.0
10484,0,0,1,0,0,0,0,70.47213114754099,171.18032786885246,7.71,8.49,2.0
10487,0,0,1,0,0,1,0,58.95686274509805,142.3921568627451,36.93,7.06,3.0
1276,0,1,1,1,0,0,1,49.64333333333334,119.10833333333333,60.56,5.91,4.0
10493,0,0,0,1,0,0,0,59.289887640449436,143.22471910112358,36.08,7.1,2.0
963,0,0,0,0,0,0,1,57.102222222222224,137.75555555555556,41.63,6.83,2.0
1281,0,0,1,0,0,0,1,63.5089430894309,153.77235772357724,25.38,7.63,2.0
21797,0,0,0,0,0,0,0,43.64393063583815,104.10982658959537,75.78,5.16,1.0
10508,0,0,1,0,0,0,0,46.46666666666667,111.16666666666667,68.62,5.51,2.0
2776,1,0,0,1,0,0,0,88.47586206896551,216.18965517241378,-37.99,10.72,3.0
46,1,0,1,0,0,0,1,51.836190476190474,124.5904761904762,55.0,6.18,3.0
10520,0,0,1,0,0,0,0,50.432967032967035,121.08241758241758,67.02,6.01,2.0
22809,0,0,1,0,0,0,1,53.07466150870406,127.68665377176015,51.85,6.33,2.0
10523,0,0,0,1,0,0,0,52.469806094182836,126.17451523545706,61.85,6.26,2.0
284,0,0,0,0,0,0,1,75.56595744680851,183.91489361702128,-5.23,9.12,2.0
10526,0,0,1,0,0,0,0,41.676,99.19,80.78,4.92,2.0
287,0,0,1,0,0,0,1,57.58857142857143,138.97142857142856,40.4,6.89,3.0
10529,0,0,1,0,0,0,1,64.69356223175966,156.73390557939913,22.37,7.77,3.0
291,0,0,1,1,0,1,1,79.89798657718121,194.74496644295303,-16.22,9.66,4.0
10533,0,0,1,1,0,1,1,79.89798657718121,194.74496644295303,-16.22,9.66,4.0
2342,0,0,0,0,0,0,1,53.17378640776699,127.93446601941747,51.6,6.35,2.0
296,0,0,1,0,0,0,1,57.58857142857143,138.97142857142856,40.4,6.89,3.0
297,0,0,0,0,0,0,0,68.5,166.25,12.71,8.25,1.0
2346,0,0,1,0,0,0,1,45.851282051282055,109.62820512820512,70.18,5.44,3.0
300,0,0,1,1,0,0,1,81.89302325581396,199.7325581395349,-21.28,9.91,3.0
21805,0,0,1,0,0,0,0,34.66938775510204,81.6734693877551,98.56,4.05,2.0
21808,0,0,1,0,0,0,0,31.855924170616113,74.63981042654028,114.16,3.7,2.0
392,0,0,0,0,0,0,0,68.5,166.25,12.71,8.25,1.0
2354,0,0,1,0,0,1,1,50.136842105263156,120.34210526315789,59.31,5.97,2.0
21811,0,0,1,0,0,0,0,45.584713375796184,108.96178343949045,70.86,5.4,2.0
308,0,1,1,0,0,0,1,44.55211267605634,106.38028169014085,73.48,5.28,4.0
309,0,0,1,1,0,0,1,81.89302325581396,199.7325581395349,-21.28,9.91,3.0
10554,0,0,1,0,0,0,0,46.46666666666667,111.16666666666667,68.62,5.51,2.0
22922,0,0,0,0,0,0,0,45.955555555555556,109.88888888888889,69.92,5.45,1.0
863,0,0,0,0,0,0,0,55.26486486486487,133.16216216216216,46.3,6.6,2.0
11147,0,0,1,0,0,1,0,80.79223300970875,196.98058252427185,-18.49,9.77,2.0
20805,0,0,1,0,0,0,0,57.0961038961039,137.74025974025975,41.65,6.83,3.0
10566,0,0,1,0,0,0,0,50.432967032967035,121.08241758241758,67.02,6.01,2.0
10569,0,0,0,1,0,0,0,52.469806094182836,126.17451523545706,61.85,6.26,2.0
10572,0,0,1,0,0,0,0,41.676,99.19,80.78,4.92,2.0
10575,0,0,1,0,0,0,1,64.69356223175966,156.73390557939913,22.37,7.77,3.0
10579,0,0,1,1,0,1,1,79.89798657718121,194.74496644295303,-16.22,9.66,4.0
10582,0,0,1,0,0,0,0,69.26551724137931,168.16379310344828,10.77,8.34,2.0
1369,0,0,0,0,0,0,0,32.4962962962963,76.24074074074075,104.07,3.78,2.0
20828,0,0,1,0,0,0,0,52.69787234042553,126.74468085106383,52.81,6.29,2.0
1375,0,0,1,0,0,0,1,30.584251968503935,71.46062992125984,108.92,3.54,2.0
1378,0,0,0,0,0,0,1,43.85806451612903,104.64516129032258,75.24,5.19,2.0
59,0,0,0,0,0,0,1,36.65365853658537,86.63414634146342,93.52,4.3,1.0
1381,0,0,1,0,0,0,1,47.99710144927536,114.9927536231884,64.74,5.7,4.0
401,0,0,0,0,0,0,0,68.5,166.25,12.71,8.25,1.0
60,0,0,0,0,0,0,1,36.65365853658537,86.63414634146342,93.52,4.3,1.0
1388,0,0,1,0,0,0,1,61.67559055118111,149.18897637795277,30.03,7.4,2.0
62,0,0,1,1,0,0,1,73.76363636363637,179.4090909090909,-0.66,8.9,3.0
10616,0,0,0,0,0,0,0,66.71544715447155,161.78861788617886,17.24,8.02,1.0
404,0,1,1,0,0,0,1,44.55211267605634,106.38028169014085,73.48,5.28,4.0
2426,0,0,1,0,0,1,1,50.136842105263156,120.34210526315789,59.31,5.97,2.0
10623,0,0,0,0,0,0,0,37.85660377358491,89.64150943396227,98.93,4.45,1.0
10626,0,0,1,0,0,0,0,75.85306122448979,184.6326530612245,-5.96,9.16,2.0
2435,0,0,0,0,0,0,1,66.41509433962266,161.03773584905662,18.0,7.99,2.0
10629,0,0,0,0,0,1,0,48.62151394422311,116.55378486055777,63.15,5.78,1.0
22918,0,0,1,0,1,0,0,42.40808080808081,101.02020202020202,78.92,5.01,2.0
65,0,0,1,1,0,0,1,73.76363636363637,179.4090909090909,-0.66,8.9,3.0
10632,0,0,0,0,0,0,0,59.62654867256637,144.06637168141592,43.69,7.15,1.0
2442,1,0,1,1,0,0,0,52.8716119828816,127.179029957204,60.83,6.31,3.0
395,0,1,1,0,0,0,1,44.55211267605634,106.38028169014085,73.48,5.28,4.0
398,0,0,1,1,0,0,1,58.937815126050424,142.34453781512605,36.98,7.06,4.0
2449,0,0,1,0,0,0,0,73.4421052631579,178.60526315789474,0.17,8.86,2.0
22931,0,0,0,0,0,0,0,53.86716417910448,129.6679104477612,58.3,6.43,1.0
2452,1,0,0,1,0,0,0,49.13846153846154,117.84615384615384,61.84,5.85,2.0
405,0,0,1,0,0,0,1,64.69356223175966,156.73390557939913,22.37,7.77,3.0
407,0,0,1,1,0,0,1,58.937815126050424,142.34453781512605,36.98,7.06,4.0
22938,0,0,0,0,0,0,0,33.080184331797234,77.70046082949308,111.05,3.85,1.0
414,0,0,1,0,0,0,1,64.69356223175966,156.73390557939913,22.37,7.77,3.0
415,0,1,0,0,0,0,1,66.03715846994537,160.0928961748634,18.96,7.94,2.0
419,0,0,1,0,0,0,1,54.87777777777779,132.19444444444446,47.28,6.56,3.0
21924,0,0,1,0,0,1,1,43.863736263736264,104.65934065934066,75.23,5.19,2.0
21927,0,0,1,0,0,0,1,49.330798479087456,118.32699619771863,61.35,5.87,3.0
424,0,1,0,0,0,0,1,66.03715846994537,160.0928961748634,18.96,7.94,2.0
10665,0,0,0,0,0,0,0,66.71544715447155,161.78861788617886,17.24,8.02,1.0
71,0,0,1,1,0,0,1,73.76363636363637,179.4090909090909,-0.66,8.9,3.0
428,0,0,1,0,0,0,1,54.87777777777779,132.19444444444446,47.28,6.56,3.0
10672,0,0,0,0,0,0,0,37.85660377358491,89.64150943396227,98.93,4.45,1.0
10675,0,0,1,0,0,0,0,75.85306122448979,184.6326530612245,-5.96,9.16,2.0
10678,0,0,0,0,0,1,0,48.62151394422311,116.55378486055777,63.15,5.78,1.0
73,0,0,1,0,0,1,1,52.56764705882354,126.41911764705883,53.14,6.27,3.0
10681,0,0,0,0,0,0,0,59.62654867256637,144.06637168141592,43.69,7.15,1.0
1467,0,0,1,0,0,0,1,47.23779527559056,113.09448818897638,66.66,5.61,3.0
1470,0,0,0,0,0,0,0,81.17224199288256,197.9306049822064,-10.99,9.82,2.0
20930,0,0,1,0,0,0,0,69.06610169491526,167.66525423728814,19.73,8.32,3.0
20933,0,0,1,0,0,0,1,78.39245283018869,190.9811320754717,-12.4,9.47,3.0
1478,0,0,1,0,1,1,1,57.34255319148937,138.35638297872342,41.02,6.86,3.0
76,0,0,0,0,0,0,1,48.810126582278485,117.0253164556962,62.67,5.8,2.0
20940,0,0,1,0,0,1,0,56.273170731707324,135.6829268292683,52.2,6.73,3.0
760,0,0,1,0,0,1,1,49.55725190839695,118.89312977099236,60.78,5.9,3.0
20815,0,0,1,0,0,1,0,35.693877551020414,84.23469387755102,95.96,4.18,2.0
1491,1,0,1,0,0,0,0,60.028115015974436,145.0702875399361,34.21,7.2,3.0
1494,0,0,0,0,0,0,1,45.34814814814815,108.37037037037037,71.46,5.38,1.0
1497,0,0,1,0,0,0,1,37.37894736842105,88.44736842105263,91.68,4.39,3.0
79,1,0,1,1,0,0,1,64.00444444444445,155.01111111111112,24.12,7.69,5.0
50,0,0,1,1,0,0,1,73.76363636363637,179.4090909090909,-0.66,8.9,3.0
2534,0,0,1,1,0,0,1,58.85551601423488,142.1387900355872,37.18,7.05,5.0
81,0,0,1,0,0,1,1,52.56764705882354,126.41911764705883,53.14,6.27,3.0
22268,0,0,0,0,0,0,0,53.67441860465116,129.1860465116279,50.33,6.41,2.0
2538,0,0,1,0,0,1,1,62.72707182320442,151.81767955801104,27.36,7.53,3.0
2542,1,0,0,0,0,0,1,85.00162601626016,207.5040650406504,-29.17,10.29,3.0
2335,0,0,1,0,0,0,1,34.67796610169491,81.69491525423729,98.53,4.05,2.0
2546,0,0,1,1,0,0,1,50.66451612903226,121.66129032258064,57.97,6.03,3.0
10741,0,0,1,0,0,1,0,69.64,169.1,9.82,8.39,2.0
2550,0,0,0,0,0,0,0,50.007547169811325,120.01886792452831,59.64,5.95,1.0
10747,0,0,1,0,0,1,0,57.82653061224491,139.56632653061226,39.8,6.92,3.0
85,0,0,0,0,0,0,1,48.810126582278485,117.0253164556962,62.67,5.8,2.0
511,0,0,1,0,0,0,0,38.711926605504594,91.77981651376147,88.3,4.55,3.0
2560,0,0,1,0,0,0,1,59.476470588235294,143.69117647058823,35.61,7.13,2.0
2564,0,0,0,0,0,0,0,49.689292196007266,119.22323049001815,68.9,5.91,2.0
518,0,0,1,1,0,0,1,49.88217054263566,119.70542635658914,59.95,5.94,4.0
520,0,0,1,0,0,0,0,38.711926605504594,91.77981651376147,88.3,4.55,3.0
2570,0,0,0,0,0,0,0,50.80829015544042,122.02072538860104,57.6,6.05,1.0
525,0,0,1,0,0,0,1,52.50689655172414,126.26724137931035,53.29,6.26,3.0
527,0,0,1,1,0,0,1,49.88217054263566,119.70542635658914,59.95,5.94,4.0
88,1,0,1,1,0,0,1,64.00444444444445,155.01111111111112,24.12,7.69,5.0
22036,0,0,1,0,1,1,0,52.673913043478265,126.68478260869566,52.87,6.28,2.0
534,0,0,1,0,0,0,1,52.50689655172414,126.26724137931035,53.29,6.26,3.0
21020,0,0,1,0,0,0,1,42.81142857142857,102.02857142857142,77.9,5.06,4.0
541,0,0,1,0,0,0,1,55.264367816091955,133.16091954022988,46.3,6.6,4.0
11013,0,0,0,0,0,1,0,45.996475770925116,109.99118942731278,69.81,5.46,1.0
22048,0,0,1,0,0,1,1,47.54807692307693,113.8701923076923,65.88,5.65,3.0
20059,0,0,0,0,0,0,0,30.589473684210528,71.47368421052632,108.91,3.55,2.0
1576,0,0,0,0,0,0,0,38.16744186046512,90.4186046511628,89.68,4.48,2.0
10793,0,0,1,0,0,1,0,69.64,169.1,9.82,8.39,2.0
10799,0,0,1,0,0,1,0,57.82653061224491,139.56632653061226,39.8,6.92,3.0
21040,0,0,1,1,0,1,0,80.50232558139535,196.25581395348837,-17.75,9.73,4.0
21043,0,0,1,0,0,0,0,51.674796747967484,124.1869918699187,63.87,6.16,3.0
1588,0,0,1,0,0,0,1,55.426923076923075,133.56730769230768,45.88,6.62,2.0
21046,0,0,1,0,1,1,1,57.34255319148937,138.35638297872342,41.02,6.86,3.0
1591,0,0,0,0,0,0,0,34.277499999999996,80.69375,99.55,4.0,2.0
1595,1,0,1,0,0,0,0,57.29130434782609,138.22826086956522,41.15,6.86,2.0
1605,0,0,1,0,0,0,0,56.800000000000004,137.0,42.4,6.8,2.0
10850,0,0,0,0,0,0,0,41.318032786885254,98.29508196721312,81.69,4.88,1.0
10843,0,0,1,0,0,0,0,44.37983193277311,105.94957983193277,73.92,5.26,2.0
954,0,0,0,0,0,0,1,57.102222222222224,137.75555555555556,41.63,6.83,2.0
10847,0,0,1,0,0,0,0,44.63478260869565,106.58695652173913,73.27,5.29,2.0
20066,0,0,0,0,0,0,0,54.46666666666667,131.16666666666666,48.32,6.51,1.0
611,0,0,1,0,0,1,1,42.668000000000006,101.67,78.26,5.04,2.0
20069,0,0,0,0,0,0,0,32.15483870967742,75.38709677419355,104.94,3.74,2.0
20076,0,0,1,0,0,1,0,62.626865671641795,151.56716417910448,27.61,7.52,3.0
622,0,0,1,1,0,1,1,78.31168831168833,190.7792207792208,-12.2,9.46,4.0
2672,0,0,1,1,0,0,1,38.912000000000006,92.28,87.79,4.58,3.0
625,0,0,1,1,0,0,1,54.16158940397351,130.40397350993376,49.09,6.47,5.0
20082,0,0,1,0,0,0,0,38.711926605504594,91.77981651376147,88.3,4.55,3.0
2676,0,0,1,1,0,0,0,42.144444444444446,100.36111111111111,79.59,4.98,2.0
629,0,0,0,0,0,0,0,59.6421052631579,144.10526315789474,35.19,7.15,1.0
20086,0,0,1,1,0,0,1,51.836190476190474,124.5904761904762,63.46,6.18,4.0
631,0,0,1,1,0,1,1,78.31168831168833,190.7792207792208,-12.2,9.46,4.0
20089,0,0,1,1,0,1,1,78.31168831168833,190.7792207792208,-12.2,9.46,4.0
2682,0,0,1,0,0,0,0,62.25573770491803,150.63934426229508,28.56,7.47,2.0
636,0,0,1,0,0,0,0,75.85306122448979,184.6326530612245,-5.96,9.16,2.0
2686,0,0,1,0,0,0,0,67.03111111111112,162.57777777777778,16.44,8.06,3.0
22143,0,0,1,0,0,0,0,40.800000000000004,97.0,83.0,4.81,2.0
22146,0,0,1,0,0,0,0,36.14769230769231,85.36923076923077,94.81,4.23,3.0
645,0,0,1,0,0,0,0,75.85306122448979,184.6326530612245,-5.96,9.16,2.0
22150,0,0,0,0,0,0,0,44.4375,106.09375,73.77,5.26,1.0
21129,0,0,1,0,0,0,0,59.045614035087716,142.6140350877193,36.7,7.07,3.0
22156,0,0,0,0,0,0,0,29.933333333333334,69.83333333333333,110.57,3.46,2.0
2701,0,0,1,0,0,0,1,49.80412371134021,119.51030927835052,60.15,5.93,3.0
1484,0,0,1,0,0,0,1,52.05714285714286,125.14285714285714,54.44,6.21,3.0
10896,0,0,1,0,0,0,0,44.37983193277311,105.94957983193277,73.92,5.26,2.0
2328,0,0,1,0,0,0,0,71.01782178217822,172.54455445544554,6.32,8.56,2.0
22162,0,1,0,1,0,0,1,51.08338192419825,122.70845481049562,56.91,6.09,2.0
1683,0,0,1,0,0,0,1,46.2195945945946,110.54898648648648,69.25,5.48,3.0
10900,0,0,1,0,0,0,0,44.63478260869565,106.58695652173913,73.27,5.29,2.0
10903,0,0,0,0,0,0,0,41.318032786885254,98.29508196721312,81.69,4.88,1.0
1688,0,0,0,1,0,0,1,67.46181818181819,163.65454545454546,15.35,8.12,2.0
21146,0,0,0,0,0,0,0,53.7283950617284,129.320987654321,50.19,6.41,1.0
2716,0,0,0,0,0,0,1,39.820970873786415,94.55242718446603,93.94,4.69,3.0
21149,0,0,1,0,0,0,1,58.19402985074627,140.48507462686567,38.86,6.97,4.0
1694,0,0,1,0,0,0,0,61.93846153846154,149.84615384615384,29.36,7.43,3.0
965,0,0,1,1,0,1,1,85.59550561797754,208.98876404494382,-30.68,10.37,4.0
1697,0,0,0,0,0,0,0,89.23703703703704,218.09259259259258,-39.92,10.82,3.0
1702,0,0,1,0,0,1,1,68.72571428571429,166.81428571428572,12.14,8.27,3.0
3705,0,0,0,0,0,0,0,51.341463414634156,123.35365853658537,64.71,6.12,1.0
21788,1,0,1,0,0,1,0,51.936231884057975,124.84057971014492,54.74,6.19,3.0
20150,0,0,1,1,0,0,1,51.836190476190474,124.5904761904762,63.46,6.18,4.0
20153,0,0,0,0,0,0,0,43.49473684210527,103.73684210526316,76.16,5.15,2.0
21791,0,0,1,0,0,0,0,52.855172413793106,127.13793103448276,52.41,6.31,2.0
20157,0,0,0,0,0,0,1,75.56595744680851,183.91489361702128,-5.23,9.12,2.0
10943,0,0,0,0,0,1,0,45.996475770925116,109.99118942731278,69.81,5.46,1.0
20160,0,0,1,0,0,0,1,47.1265306122449,112.81632653061224,66.95,5.6,2.0
10946,0,0,1,0,0,1,1,58.36967032967033,140.92417582417582,38.42,6.99,2.0
20163,0,0,1,0,0,0,0,60.5221052631579,146.30526315789473,32.96,7.26,2.0
10953,0,1,1,0,0,0,0,59.64502164502164,144.1125541125541,35.18,7.15,2.0
10959,0,0,1,0,0,0,0,89.11794871794872,217.7948717948718,-39.62,10.8,3.0
20600,0,0,1,1,0,1,1,54.71028037383178,131.77570093457945,47.7,6.54,4.0
2339,0,0,1,0,0,0,1,45.294267515923565,108.23566878980891,71.6,5.37,2.0
2772,0,0,1,0,0,0,0,35.766917293233085,84.4172932330827,95.77,4.19,2.0
22137,0,0,1,0,0,0,1,36.67535986452159,86.68839966130398,93.47,4.3,2.0
10968,0,0,0,0,0,0,0,85.76349614395887,209.40874035989717,-14.18,10.39,2.0
634,0,0,1,1,0,0,1,54.16158940397351,130.40397350993376,49.09,6.47,5.0
734,1,0,1,0,0,0,1,50.843027888446215,122.10756972111554,57.52,6.06,3.0
2783,0,0,1,0,0,0,0,84.69367088607595,206.73417721518987,-28.39,10.25,2.0
738,0,0,1,0,0,0,1,46.648484848484856,111.62121212121212,68.16,5.54,2.0
22244,0,0,0,0,0,0,0,48.255,115.6375,64.08,5.74,1.0
743,1,0,1,0,0,0,1,50.843027888446215,122.10756972111554,57.52,6.06,3.0
747,0,0,1,0,0,0,1,46.648484848484856,111.62121212121212,68.16,5.54,2.0
751,0,0,1,0,0,1,1,49.55725190839695,118.89312977099236,60.78,5.9,3.0
10536,0,0,1,0,0,0,0,69.26551724137931,168.16379310344828,10.77,8.34,2.0
22259,0,0,0,0,0,0,0,45.128994082840244,107.8224852071006,72.02,5.35,1.0
638,0,0,0,0,0,0,0,59.6421052631579,144.10526315789474,35.19,7.15,1.0
21240,0,0,1,0,0,1,0,50.44494382022472,121.11235955056179,58.53,6.01,2.0
22265,0,0,0,0,0,0,0,34.88674698795181,82.21686746987952,98.0,4.08,2.0
21243,0,0,1,1,0,1,1,85.59550561797754,208.98876404494382,-30.68,10.37,4.0
2812,0,0,0,0,0,0,0,46.0,110.0,69.81,5.46,1.0
22486,0,0,0,0,0,0,1,53.17378640776699,127.93446601941747,51.6,6.35,2.0
21255,0,0,1,0,0,0,1,42.45777777777778,101.14444444444445,78.79,5.02,2.0
11016,0,0,1,0,0,1,1,58.36967032967033,140.92417582417582,38.42,6.99,2.0
22828,0,0,1,0,0,0,0,53.981699346405236,129.95424836601308,49.55,6.45,2.0
21258,0,0,1,0,0,0,0,45.810204081632655,109.52551020408163,70.29,5.43,2.0
2690,0,0,1,0,0,0,0,64.33409090909092,155.83522727272728,23.28,7.73,3.0
11023,0,1,1,0,0,0,0,59.64502164502164,144.1125541125541,35.18,7.15,2.0
22701,0,0,0,0,0,0,0,38.847058823529416,92.11764705882354,87.96,4.57,1.0
11029,0,0,1,0,0,0,0,89.11794871794872,217.7948717948718,-39.62,10.8,3.0
1814,0,0,1,0,0,0,1,57.25217391304348,138.1304347826087,41.25,6.85,3.0
1818,0,0,1,0,0,1,1,46.10826210826211,110.27065527065527,69.53,5.47,2.0
11038,0,0,0,0,0,0,0,85.76349614395887,209.40874035989717,-14.18,10.39,2.0
21133,0,0,1,0,0,0,0,45.321311475409836,108.30327868852459,71.53,5.37,2.0
2011,0,0,1,0,0,0,0,62.45454545454545,151.13636363636363,28.05,7.5,3.0
306,0,0,0,0,0,0,0,68.5,166.25,12.71,8.25,1.0
23346,0,0,0,0,0,0,0,44.4375,106.09375,73.77,5.26,1.0
20276,0,0,1,0,0,0,1,30.584251968503935,71.46062992125984,108.92,3.54,2.0
23349,1,0,0,0,0,0,0,59.082089552238806,142.705223880597,36.61,7.08,2.0
22153,0,0,1,0,0,0,0,51.65964912280702,124.14912280701755,55.44,6.16,2.0
827,0,0,1,0,0,1,1,49.55725190839695,118.89312977099236,60.78,5.9,3.0
20286,0,0,1,0,0,0,0,40.4952380952381,96.23809523809524,83.77,4.77,2.0
11072,0,0,1,0,0,0,0,55.51428571428571,133.78571428571428,45.66,6.64,2.0
834,0,0,0,0,0,1,1,47.79294117647059,114.48235294117647,65.26,5.68,2.0
10051,0,0,1,1,0,1,1,78.31168831168833,190.7792207792208,-12.2,9.46,4.0
836,0,0,1,0,0,1,1,49.55725190839695,118.89312977099236,60.78,5.9,3.0
843,0,0,0,0,0,1,1,47.79294117647059,114.48235294117647,65.26,5.68,2.0
10062,0,0,1,0,0,0,0,60.5221052631579,146.30526315789473,32.96,7.26,2.0
10063,0,0,1,1,0,1,1,78.31168831168833,190.7792207792208,-12.2,9.46,4.0
22352,0,0,0,0,0,0,0,32.57350427350428,76.43376068376068,103.87,3.79,2.0
10065,0,0,1,0,1,1,0,52.673913043478265,126.68478260869566,52.87,6.28,2.0
11090,0,0,0,0,0,1,1,38.572661870503595,91.43165467625899,88.65,4.54,2.0
851,0,0,0,0,0,0,0,58.58651685393259,141.46629213483146,37.87,7.02,3.0
11093,0,0,1,0,0,1,0,80.79223300970875,196.98058252427185,-18.49,9.77,2.0
2902,0,0,1,0,0,0,0,64.1694623655914,155.4236559139785,23.7,7.71,2.0
22360,0,0,0,0,0,0,0,53.691503267973864,129.22875816993465,50.29,6.41,1.0
857,0,0,1,0,0,0,0,56.95384615384616,137.3846153846154,42.01,6.81,2.0
10074,0,0,1,0,0,0,0,60.5221052631579,146.30526315789473,32.96,7.26,2.0
860,0,0,0,0,0,0,0,58.58651685393259,141.46629213483146,37.87,7.02,3.0
10077,0,0,1,0,0,1,0,62.626865671641795,151.56716417910448,27.61,7.52,3.0
2910,0,0,1,0,0,1,0,51.33762057877814,123.34405144694534,56.26,6.12,2.0
22367,0,0,0,0,0,0,0,51.913043478260875,124.78260869565217,63.26,6.19,1.0
10080,0,0,1,0,0,0,0,40.4952380952381,96.23809523809524,83.77,4.77,2.0
2916,0,0,1,1,0,0,1,41.40571428571429,98.51428571428572,81.46,4.89,3.0
1894,0,0,0,0,0,0,0,34.277499999999996,80.69375,99.55,4.0,2.0
10089,0,0,1,0,0,1,0,62.626865671641795,151.56716417910448,27.61,7.52,3.0
22378,0,0,0,1,0,0,1,55.081198910081746,132.70299727520435,46.76,6.58,3.0
10092,0,0,1,0,0,0,0,40.4952380952381,96.23809523809524,83.77,4.77,2.0
22381,0,0,0,0,0,0,0,47.150000000000006,112.875,75.35,5.6,1.0
317,0,1,1,0,0,0,1,44.55211267605634,106.38028169014085,73.48,5.28,4.0
1904,0,0,0,0,0,0,0,56.43529411764706,136.08823529411765,43.33,6.75,1.0
1907,0,0,0,0,0,0,0,77.33333333333334,188.33333333333334,-9.71,9.34,1.0
11126,0,0,1,0,0,0,0,55.51428571428571,133.78571428571428,45.66,6.64,2.0
21367,0,0,0,0,0,0,0,32.55593220338983,76.38983050847457,103.92,3.79,2.0
21140,0,0,0,0,0,0,0,44.07272727272728,105.18181818181819,74.7,5.22,1.0
21818,0,0,1,0,0,0,0,98.50491803278689,241.2622950819672,-63.44,11.97,2.0
21374,0,0,1,0,0,0,0,40.90980392156863,97.27450980392157,82.72,4.82,3.0
11140,0,0,1,0,0,0,0,62.788405797101454,151.97101449275362,27.2,7.54,2.0
11144,0,0,0,0,0,1,1,38.572661870503595,91.43165467625899,88.65,4.54,2.0
22705,0,0,0,0,0,0,0,43.92,104.8,75.08,5.2,1.0
21143,0,0,1,1,0,1,1,61.28807339449542,148.22018348623854,31.01,7.35,4.0
11150,0,0,1,0,0,0,0,49.72716763005781,119.3179190751445,60.35,5.92,2.0
20370,0,0,1,0,0,0,1,55.264367816091955,133.16091954022988,46.3,6.6,4.0
2349,0,1,0,1,0,0,1,51.08338192419825,122.70845481049562,56.91,6.09,2.0
20374,0,0,1,0,0,0,1,40.82142857142858,97.05357142857143,82.95,4.81,3.0
11161,0,0,1,0,0,0,0,49.9944055944056,119.98601398601399,59.67,5.95,2.0
20380,0,0,1,0,1,1,0,65.016091954023,157.54022988505747,21.55,7.81,3.0
11167,0,0,1,0,0,0,0,56.75914893617021,136.89787234042552,42.5,6.79,2.0
932,0,0,0,0,0,0,0,42.90352941176471,102.25882352941177,77.66,5.07,2.0
20389,0,0,0,0,0,0,0,43.305263157894736,103.26315789473684,76.64,5.12,1.0
936,0,0,0,0,0,1,1,42.48301886792453,101.20754716981132,78.73,5.02,1.0
939,0,1,1,1,0,0,0,37.448,88.62,91.51,4.4,5.0
941,0,0,0,0,0,0,0,42.90352941176471,102.25882352941177,77.66,5.07,2.0
20398,0,0,1,0,0,0,0,39.300000000000004,93.25,86.81,4.63,2.0
943,0,0,0,0,0,0,0,36.43934426229509,86.09836065573771,94.07,4.27,2.0
945,0,0,0,0,0,1,1,42.48301886792453,101.20754716981132,78.73,5.02,1.0
20831,0,0,1,0,0,0,0,45.42588235294118,108.56470588235294,71.26,5.38,2.0
948,0,1,1,1,0,0,0,37.448,88.62,91.51,4.4,5.0
952,0,0,0,0,0,0,0,36.43934426229509,86.09836065573771,94.07,4.27,2.0
10170,0,0,1,0,0,0,0,50.50114942528736,121.25287356321839,58.38,6.01,2.0
10173,0,0,1,0,0,0,0,55.128888888888895,132.82222222222222,46.64,6.59,2.0
10176,1,0,1,0,0,1,0,66.47388535031847,161.18471337579618,17.85,7.99,3.0
22466,0,0,1,0,0,0,0,35.458119658119664,83.64529914529915,105.02,4.15,2.0
10179,0,0,1,1,0,0,1,53.16955941255008,127.92389853137517,51.61,6.35,3.0
22469,0,0,0,0,0,0,0,40.248387096774195,95.62096774193549,84.4,4.74,2.0
620,0,0,1,0,0,1,1,42.668000000000006,101.67,78.26,5.04,2.0
10183,0,0,0,0,0,0,0,42.21386138613862,100.53465346534654,79.41,4.99,2.0
22476,1,0,0,0,0,0,0,71.8517766497462,174.62944162436548,4.21,8.66,2.0
974,0,0,1,1,0,1,1,85.59550561797754,208.98876404494382,-30.68,10.37,4.0
10192,0,0,1,0,0,0,0,50.50114942528736,121.25287356321839,58.38,6.01,2.0
21457,0,0,1,0,0,1,1,63.81010101010101,154.5252525252525,24.61,7.66,3.0
22482,0,0,0,0,0,1,1,60.30266666666667,145.75666666666666,33.51,7.23,3.0
10195,0,0,1,0,0,0,0,55.128888888888895,132.82222222222222,46.64,6.59,2.0
21460,0,0,1,0,0,0,1,41.25315614617941,98.1328903654485,81.85,4.87,3.0
2005,0,0,1,0,0,0,0,44.56153846153847,106.40384615384616,73.46,5.28,3.0
10198,1,0,1,0,0,1,0,66.47388535031847,161.18471337579618,17.85,7.99,3.0
2008,1,0,1,0,0,1,1,47.162790697674424,112.90697674418605,75.31,5.6,3.0
10201,0,0,1,1,0,0,1,53.16955941255008,127.92389853137517,51.61,6.35,3.0
22490,0,0,1,0,0,0,1,48.96438356164384,117.41095890410959,62.28,5.82,2.0
21467,0,0,1,0,0,1,1,60.26033898305085,145.65084745762712,33.62,7.22,3.0
10205,0,0,0,0,0,0,0,42.21386138613862,100.53465346534654,79.41,4.99,2.0
21470,0,0,1,0,0,0,0,79.25833333333334,193.14583333333334,-14.6,9.58,4.0
848,0,0,1,0,0,0,0,56.95384615384616,137.3846153846154,42.01,6.81,2.0
67,1,0,1,1,0,0,1,64.00444444444445,155.01111111111112,24.12,7.69,5.0
507,0,1,0,0,0,0,1,66.03715846994537,160.0928961748634,18.96,7.94,2.0
21483,0,0,1,0,0,0,0,59.647311827957,144.11827956989248,35.17,7.15,2.0
21486,0,0,1,0,0,0,1,36.05690376569038,85.14225941422595,95.04,4.22,2.0
11247,0,0,1,0,0,0,0,49.9944055944056,119.98601398601399,59.67,5.95,2.0
1363,0,0,1,0,0,0,1,59.356097560975606,143.390243902439,35.91,7.11,2.0
11253,0,0,1,0,0,0,0,56.75914893617021,136.89787234042552,42.5,6.79,2.0
293,0,0,0,0,0,0,1,75.56595744680851,183.91489361702128,-5.23,9.12,2.0
